code,waterboard,year,n_installations,capacity_ie_x1000,influent_volume_1000m3,N_influent_ton,P_influent_ton,effluent_volume_1000m3,N_effluent_ton,P_effluent_ton,N_removal_process_pct,P_removal_process_pct,N_removal_total_pct,P_removal_total_pct
NL01,Nederland totaal,2005,368.0,,1841413.0,84825.0,14425.0,1841413.0,21742.0,2651.0,80.0,79.0,74.0,82.0
WS01,Waterschap Groot Salland (WS),2005,9.0,,32877.0,1781.0,305.0,32877.0,373.0,74.0,83.0,81.0,79.0,76.0
WS02,Waterschap Rijn en IJssel (WS),2005,14.0,,68295.0,3934.0,594.0,68295.0,670.0,133.0,83.0,84.0,83.0,78.0
WS03,Waterschap Veluwe (WS),2005,8.0,,55370.0,2816.0,456.0,55370.0,404.0,57.0,84.0,88.0,86.0,88.0
WS04,Waterschap Vallei & Eem (WS),2005,8.0,,62516.0,3016.0,489.0,62516.0,557.0,67.0,82.0,84.0,82.0,86.0
WS06,Waterschap Regge & Dinkel (WS),2005,22.0,,70963.0,3347.0,525.0,70963.0,582.0,111.0,83.0,72.0,83.0,79.0
WS07,Hoogheemraadschap van Delfland (WS),2005,5.0,,119577.0,5575.0,890.0,119577.0,3879.0,212.0,69.0,65.0,30.0,76.0
WS08,Waterschap Zeeuws-Vlaanderen (WS),2005,7.0,,14225.0,620.0,95.0,14225.0,103.0,16.0,87.0,76.0,83.0,84.0
WS09,Waterschap Zeeuwse Eilanden (WS),2005,11.0,,35459.0,1737.0,283.0,35459.0,523.0,64.0,74.0,73.0,70.0,77.0
WS10,Waterschap De Dommel (WS),2005,8.0,,107452.0,4640.0,838.0,107452.0,1542.0,130.0,76.0,83.0,67.0,84.0
WS12,Hoogheemraadschap van Rijnland (WS),2005,32.0,,118233.0,5453.0,902.0,118233.0,1013.0,116.0,78.0,78.0,81.0,87.0
WS13,Waterschap Rivierenland (WS),2005,39.0,,112757.0,4503.0,779.0,112757.0,879.0,178.0,83.0,75.0,80.0,77.0
WS14,Hhs De Stichtse Rijnlanden (WS),2005,17.0,,74472.0,3809.0,623.0,74472.0,711.0,86.0,81.0,83.0,81.0,86.0
WS16,Waterschap Hunze en Aa's (WS),2005,15.0,,34070.0,1846.0,300.0,34070.0,446.0,43.0,81.0,86.0,76.0,86.0
WS17,Waterschap Noorderzijlvest (WS),2005,15.0,,49049.0,2121.0,330.0,49049.0,860.0,70.0,72.0,69.0,59.0,79.0
WS18,Waterschap Reest en Wieden (WS),2005,8.0,,26090.0,1318.0,283.0,26090.0,150.0,41.0,87.0,86.0,89.0,86.0
WS19,Waterschap Velt en Vecht (WS),2005,7.0,,22081.0,1213.0,191.0,22081.0,232.0,16.0,85.0,92.0,81.0,91.0
WS20,Waterschap Zuiderzeeland (WS),2005,5.0,,26275.0,1782.0,275.0,26275.0,293.0,19.0,83.0,92.0,84.0,93.0
WS21,Hhs Hollands Noorderkwartier (WS),2005,20.0,,95308.0,4847.0,885.0,95308.0,821.0,145.0,84.0,76.0,83.0,84.0
WS22,Waterschap Brabantse Delta (WS),2005,18.0,,97538.0,3749.0,689.0,97538.0,852.0,144.0,81.0,81.0,77.0,79.0
WS23,Wetterskip Fryslân (WS),2005,29.0,,81590.0,3399.0,582.0,81590.0,521.0,87.0,85.0,83.0,85.0,85.0
WS24,Waterschap Aa en Maas (WS),2005,8.0,,95004.0,4278.0,954.0,95004.0,926.0,218.0,78.0,75.0,78.0,77.0
WS25,Waterschap Hollandse Delta (WS),2005,23.0,,122845.0,4921.0,803.0,122845.0,1412.0,170.0,81.0,79.0,71.0,79.0
WS26,Hhs van Schieland en Krimpenerwaard (WS),2005,9.0,,54231.0,2054.0,323.0,54231.0,409.0,61.0,88.0,80.0,80.0,81.0
WS31,Waterschap Limburg (WS),2005,18.0,,142185.0,6075.0,980.0,142185.0,1323.0,225.0,71.0,67.0,78.0,77.0
WS32,"WS Amstel, Gooi en Vecht (WS)",2005,13.0,,122952.0,5991.0,1053.0,122952.0,2264.0,168.0,66.0,85.0,62.0,84.0
NL01,Nederland totaal,2006,363.0,,1853577.0,85842.0,14341.0,1853577.0,19057.0,2596.0,81.0,79.0,78.0,82.0
WS01,Waterschap Groot Salland (WS),2006,9.0,,32706.0,1778.0,305.0,32706.0,369.0,74.0,83.0,82.0,79.0,76.0
WS02,Waterschap Rijn en IJssel (WS),2006,14.0,,65616.0,3563.0,534.0,65616.0,610.0,101.0,82.0,86.0,83.0,81.0
WS03,Waterschap Veluwe (WS),2006,8.0,,57267.0,3105.0,524.0,57267.0,480.0,81.0,85.0,83.0,85.0,85.0
WS04,Waterschap Vallei & Eem (WS),2006,8.0,,64555.0,3037.0,497.0,64555.0,526.0,61.0,83.0,86.0,83.0,88.0
WS06,Waterschap Regge & Dinkel (WS),2006,19.0,,66746.0,3310.0,549.0,66746.0,562.0,120.0,83.0,73.0,83.0,78.0
WS07,Hoogheemraadschap van Delfland (WS),2006,6.0,,125661.0,5655.0,905.0,125661.0,3431.0,188.0,68.0,75.0,39.0,79.0
WS08,Waterschap Zeeuws-Vlaanderen (WS),2006,7.0,,14489.0,711.0,106.0,14489.0,170.0,21.0,84.0,79.0,76.0,81.0
WS09,Waterschap Zeeuwse Eilanden (WS),2006,11.0,,34415.0,1613.0,261.0,34415.0,357.0,53.0,77.0,73.0,78.0,80.0
WS10,Waterschap De Dommel (WS),2006,8.0,,105749.0,4306.0,793.0,105749.0,822.0,105.0,82.0,84.0,81.0,87.0
WS12,Hoogheemraadschap van Rijnland (WS),2006,32.0,,124360.0,5590.0,912.0,124360.0,960.0,117.0,77.0,80.0,83.0,87.0
WS13,Waterschap Rivierenland (WS),2006,39.0,,110087.0,4671.0,740.0,110087.0,921.0,165.0,83.0,73.0,80.0,78.0
WS14,Hhs De Stichtse Rijnlanden (WS),2006,17.0,,75165.0,4029.0,615.0,75165.0,705.0,95.0,83.0,80.0,83.0,85.0
WS16,Waterschap Hunze en Aa's (WS),2006,15.0,,33296.0,1692.0,255.0,33296.0,313.0,40.0,80.0,83.0,82.0,84.0
WS17,Waterschap Noorderzijlvest (WS),2006,15.0,,48527.0,2125.0,338.0,48527.0,729.0,72.0,70.0,70.0,66.0,79.0
WS18,Waterschap Reest en Wieden (WS),2006,8.0,,25378.0,1343.0,300.0,25378.0,141.0,49.0,89.0,84.0,89.0,84.0
WS19,Waterschap Velt en Vecht (WS),2006,7.0,,20966.0,1358.0,259.0,20966.0,339.0,24.0,82.0,87.0,75.0,91.0
WS20,Waterschap Zuiderzeeland (WS),2006,5.0,,26466.0,1872.0,299.0,26466.0,285.0,21.0,85.0,93.0,85.0,93.0
WS21,Hhs Hollands Noorderkwartier (WS),2006,19.0,,93630.0,4937.0,798.0,93630.0,786.0,144.0,85.0,76.0,84.0,82.0
WS22,Waterschap Brabantse Delta (WS),2006,18.0,,99120.0,3716.0,688.0,99120.0,894.0,158.0,82.0,82.0,76.0,77.0
WS23,Wetterskip Fryslân (WS),2006,29.0,,80942.0,3462.0,583.0,80942.0,554.0,92.0,84.0,83.0,84.0,84.0
WS24,Waterschap Aa en Maas (WS),2006,7.0,,99143.0,4362.0,932.0,99143.0,920.0,219.0,79.0,76.0,79.0,76.0
WS25,Waterschap Hollandse Delta (WS),2006,23.0,,123589.0,4844.0,773.0,123589.0,1139.0,157.0,81.0,78.0,76.0,80.0
WS26,Hhs van Schieland en Krimpenerwaard (WS),2006,9.0,,56849.0,2070.0,340.0,56849.0,371.0,59.0,88.0,77.0,82.0,83.0
WS31,Waterschap Limburg (WS),2006,18.0,,144607.0,6109.0,1038.0,144607.0,1327.0,228.0,72.0,69.0,78.0,78.0
WS32,"WS Amstel, Gooi en Vecht (WS)",2006,12.0,,124248.0,6584.0,996.0,124248.0,1346.0,155.0,75.0,84.0,80.0,84.0
NL01,Nederland totaal,2007,356.0,,2068275.0,87817.0,14968.0,2068275.0,17849.0,2643.0,81.0,79.0,80.0,82.0
WS01,Waterschap Groot Salland (WS),2007,9.0,,37856.0,1806.0,305.0,37856.0,415.0,68.0,80.0,81.0,77.0,78.0
WS02,Waterschap Rijn en IJssel (WS),2007,14.0,,73409.0,3761.0,565.0,73409.0,665.0,118.0,82.0,82.0,82.0,79.0
WS03,Waterschap Veluwe (WS),2007,8.0,,62722.0,3149.0,537.0,62722.0,547.0,98.0,82.0,81.0,83.0,82.0
WS04,Waterschap Vallei & Eem (WS),2007,8.0,,70546.0,3113.0,530.0,70546.0,558.0,72.0,86.0,85.0,82.0,86.0
WS06,Waterschap Regge & Dinkel (WS),2007,19.0,,78475.0,3627.0,597.0,78475.0,565.0,128.0,85.0,76.0,84.0,79.0
WS07,Hoogheemraadschap van Delfland (WS),2007,6.0,,125742.0,5602.0,913.0,125742.0,1932.0,166.0,66.0,73.0,66.0,82.0
WS08,Waterschap Zeeuws-Vlaanderen (WS),2007,7.0,,15809.0,656.0,107.0,15809.0,138.0,18.0,83.0,80.0,79.0,83.0
WS09,Waterschap Zeeuwse Eilanden (WS),2007,10.0,,39189.0,1773.0,268.0,39189.0,335.0,52.0,83.0,78.0,81.0,81.0
WS10,Waterschap De Dommel (WS),2007,8.0,,118160.0,4572.0,816.0,118160.0,955.0,109.0,82.0,84.0,79.0,87.0
WS12,Hoogheemraadschap van Rijnland (WS),2007,30.0,,130376.0,5511.0,972.0,130376.0,949.0,126.0,79.0,80.0,83.0,87.0
WS13,Waterschap Rivierenland (WS),2007,39.0,,122485.0,4678.0,824.0,122485.0,833.0,166.0,83.0,74.0,82.0,80.0
WS14,Hhs De Stichtse Rijnlanden (WS),2007,17.0,,83233.0,3989.0,693.0,83233.0,752.0,108.0,83.0,81.0,81.0,84.0
WS16,Waterschap Hunze en Aa's (WS),2007,13.0,,45017.0,1701.0,268.0,45017.0,331.0,63.0,80.0,82.0,81.0,77.0
WS17,Waterschap Noorderzijlvest (WS),2007,15.0,,64134.0,2172.0,352.0,64134.0,726.0,75.0,74.0,78.0,67.0,79.0
WS18,Waterschap Reest en Wieden (WS),2007,8.0,,31808.0,1353.0,324.0,31808.0,177.0,68.0,87.0,83.0,87.0,79.0
WS19,Waterschap Velt en Vecht (WS),2007,7.0,,26392.0,1317.0,213.0,26392.0,256.0,39.0,83.0,86.0,81.0,82.0
WS20,Waterschap Zuiderzeeland (WS),2007,5.0,,27544.0,1866.0,297.0,27544.0,270.0,17.0,86.0,94.0,86.0,94.0
WS21,Hhs Hollands Noorderkwartier (WS),2007,18.0,,97144.0,5039.0,826.0,97144.0,877.0,143.0,86.0,78.0,83.0,83.0
WS22,Waterschap Brabantse Delta (WS),2007,18.0,,109113.0,3946.0,720.0,109113.0,862.0,161.0,83.0,82.0,78.0,78.0
WS23,Wetterskip Fryslân (WS),2007,29.0,,100164.0,3539.0,604.0,100164.0,622.0,118.0,82.0,79.0,82.0,80.0
WS24,Waterschap Aa en Maas (WS),2007,7.0,,108738.0,4492.0,957.0,108738.0,896.0,157.0,82.0,83.0,80.0,84.0
WS25,Waterschap Hollandse Delta (WS),2007,22.0,,146033.0,5034.0,819.0,146033.0,1110.0,144.0,82.0,79.0,78.0,82.0
WS26,Hhs van Schieland en Krimpenerwaard (WS),2007,9.0,,60025.0,2159.0,357.0,60025.0,496.0,78.0,87.0,76.0,77.0,78.0
WS31,Waterschap Limburg (WS),2007,18.0,,166833.0,6269.0,1095.0,166833.0,1443.0,255.0,69.0,68.0,77.0,77.0
WS32,"WS Amstel, Gooi en Vecht (WS)",2007,12.0,,127329.0,6690.0,1008.0,127329.0,1138.0,96.0,78.0,87.0,83.0,91.0
NL01,Nederland totaal,2008,351.0,,1928192.0,89310.0,14951.0,1928192.0,16820.0,2551.0,82.0,80.0,81.0,83.0
WS01,Waterschap Groot Salland (WS),2008,9.0,,34027.0,1837.0,320.0,34027.0,437.0,77.0,82.0,85.0,76.0,76.0
WS02,Waterschap Rijn en IJssel (WS),2008,14.0,,67343.0,4104.0,646.0,67343.0,687.0,115.0,81.0,84.0,83.0,82.0
WS03,Waterschap Veluwe (WS),2008,8.0,,58051.0,3301.0,592.0,58051.0,575.0,100.0,82.0,81.0,83.0,83.0
WS04,Waterschap Vallei & Eem (WS),2008,8.0,,66289.0,4145.0,541.0,66289.0,596.0,87.0,83.0,83.0,86.0,84.0
WS06,Waterschap Regge & Dinkel (WS),2008,19.0,,69989.0,3593.0,586.0,69989.0,552.0,124.0,85.0,78.0,85.0,79.0
WS07,Hoogheemraadschap van Delfland (WS),2008,4.0,,124129.0,5521.0,876.0,124129.0,1243.0,149.0,74.0,75.0,77.0,83.0
WS08,Waterschap Zeeuws-Vlaanderen (WS),2008,7.0,,15221.0,723.0,118.0,15221.0,157.0,20.0,82.0,75.0,78.0,83.0
WS09,Waterschap Zeeuwse Eilanden (WS),2008,10.0,,36024.0,1568.0,256.0,36024.0,276.0,48.0,82.0,77.0,82.0,81.0
WS10,Waterschap De Dommel (WS),2008,8.0,,103675.0,4612.0,849.0,103675.0,860.0,88.0,83.0,86.0,81.0,90.0
WS12,Hoogheemraadschap van Rijnland (WS),2008,29.0,,125712.0,5488.0,963.0,125712.0,884.0,110.0,81.0,86.0,84.0,89.0
WS13,Waterschap Rivierenland (WS),2008,39.0,,109433.0,4590.0,795.0,109433.0,786.0,195.0,84.0,71.0,83.0,76.0
WS14,Hhs De Stichtse Rijnlanden (WS),2008,17.0,,78035.0,4150.0,713.0,78035.0,780.0,115.0,83.0,82.0,81.0,84.0
WS16,Waterschap Hunze en Aa's (WS),2008,13.0,,35633.0,1612.0,244.0,35633.0,251.0,38.0,85.0,85.0,84.0,84.0
WS17,Waterschap Noorderzijlvest (WS),2008,15.0,,56697.0,2313.0,329.0,56697.0,753.0,58.0,74.0,75.0,67.0,82.0
WS18,Waterschap Reest en Wieden (WS),2008,8.0,,29396.0,1350.0,346.0,29396.0,150.0,55.0,89.0,86.0,89.0,84.0
WS19,Waterschap Velt en Vecht (WS),2008,7.0,,24324.0,1315.0,213.0,24324.0,248.0,44.0,84.0,86.0,81.0,79.0
WS20,Waterschap Zuiderzeeland (WS),2008,5.0,,27452.0,1913.0,308.0,27452.0,241.0,19.0,88.0,94.0,87.0,94.0
WS21,Hhs Hollands Noorderkwartier (WS),2008,17.0,,103158.0,5291.0,876.0,103158.0,842.0,147.0,85.0,77.0,84.0,83.0
WS22,Waterschap Brabantse Delta (WS),2008,17.0,,100565.0,4014.0,715.0,100565.0,915.0,162.0,83.0,84.0,77.0,77.0
WS23,Wetterskip Fryslân (WS),2008,29.0,,93429.0,3368.0,581.0,93429.0,580.0,90.0,82.0,84.0,83.0,85.0
WS24,Waterschap Aa en Maas (WS),2008,7.0,,98270.0,4428.0,904.0,98270.0,815.0,150.0,84.0,83.0,82.0,83.0
WS25,Waterschap Hollandse Delta (WS),2008,22.0,,136662.0,4996.0,799.0,136662.0,1126.0,145.0,83.0,80.0,77.0,82.0
WS26,Hhs van Schieland en Krimpenerwaard (WS),2008,9.0,,55108.0,2047.0,328.0,55108.0,395.0,79.0,89.0,75.0,81.0,76.0
WS31,Waterschap Limburg (WS),2008,18.0,,154790.0,6285.0,1045.0,154790.0,1517.0,245.0,69.0,64.0,76.0,77.0
WS32,"WS Amstel, Gooi en Vecht (WS)",2008,12.0,,124779.0,6746.0,1009.0,124779.0,1158.0,91.0,78.0,89.0,83.0,91.0
NL01,Nederland totaal,2009,351.0,,1818441.0,86650.0,14601.0,1818441.0,15174.0,2303.0,82.0,80.0,82.0,84.0
WS01,Waterschap Groot Salland (WS),2009,9.0,,33425.0,1862.0,302.0,33425.0,333.0,62.0,85.0,85.0,82.0,80.0
WS02,Waterschap Rijn en IJssel (WS),2009,14.0,,63752.0,3478.0,535.0,63752.0,556.0,122.0,82.0,80.0,84.0,77.0
WS03,Waterschap Veluwe (WS),2009,8.0,,57554.0,3027.0,558.0,57554.0,526.0,110.0,83.0,82.0,83.0,80.0
WS04,Waterschap Vallei & Eem (WS),2009,8.0,,63180.0,3262.0,535.0,63180.0,595.0,60.0,84.0,87.0,82.0,89.0
WS06,Waterschap Regge & Dinkel (WS),2009,19.0,,67013.0,3380.0,542.0,67013.0,563.0,96.0,84.0,77.0,83.0,82.0
WS07,Hoogheemraadschap van Delfland (WS),2009,4.0,,117787.0,5567.0,901.0,117787.0,944.0,176.0,81.0,71.0,83.0,81.0
WS08,Waterschap Zeeuws-Vlaanderen (WS),2009,7.0,,15579.0,568.0,93.0,15579.0,139.0,21.0,80.0,68.0,76.0,77.0
WS09,Waterschap Zeeuwse Eilanden (WS),2009,10.0,,34701.0,1614.0,268.0,34701.0,285.0,38.0,83.0,77.0,82.0,86.0
WS10,Waterschap De Dommel (WS),2009,8.0,,101308.0,4573.0,905.0,101308.0,771.0,89.0,83.0,88.0,83.0,90.0
WS12,Hoogheemraadschap van Rijnland (WS),2009,29.0,,114282.0,5409.0,889.0,114282.0,767.0,94.0,84.0,88.0,86.0,89.0
WS13,Waterschap Rivierenland (WS),2009,39.0,,104620.0,4660.0,791.0,104620.0,819.0,169.0,83.0,71.0,82.0,79.0
WS14,Hhs De Stichtse Rijnlanden (WS),2009,17.0,,77523.0,4115.0,751.0,77523.0,665.0,117.0,86.0,82.0,84.0,84.0
WS16,Waterschap Hunze en Aa's (WS),2009,13.0,,34059.0,1681.0,290.0,34059.0,243.0,28.0,85.0,88.0,86.0,90.0
WS17,Waterschap Noorderzijlvest (WS),2009,15.0,,53293.0,2210.0,303.0,53293.0,604.0,47.0,75.0,78.0,73.0,84.0
WS18,Waterschap Reest en Wieden (WS),2009,8.0,,26595.0,1362.0,349.0,26595.0,152.0,30.0,88.0,91.0,89.0,91.0
WS19,Waterschap Velt en Vecht (WS),2009,7.0,,22600.0,1342.0,219.0,22600.0,208.0,20.0,86.0,91.0,84.0,91.0
WS20,Waterschap Zuiderzeeland (WS),2009,5.0,,26592.0,1932.0,318.0,26592.0,269.0,24.0,85.0,92.0,86.0,93.0
WS21,Hhs Hollands Noorderkwartier (WS),2009,17.0,,91637.0,5092.0,881.0,91637.0,721.0,120.0,86.0,79.0,86.0,86.0
WS22,Waterschap Brabantse Delta (WS),2009,17.0,,96864.0,3931.0,677.0,96864.0,866.0,141.0,84.0,84.0,78.0,79.0
WS23,Wetterskip Fryslân (WS),2009,29.0,,82248.0,3434.0,583.0,82248.0,511.0,91.0,79.0,82.0,85.0,84.0
WS24,Waterschap Aa en Maas (WS),2009,7.0,,97304.0,4380.0,877.0,97304.0,686.0,121.0,85.0,86.0,84.0,86.0
WS25,Waterschap Hollandse Delta (WS),2009,22.0,,128313.0,5058.0,817.0,128313.0,1115.0,141.0,85.0,77.0,78.0,83.0
WS26,Hhs van Schieland en Krimpenerwaard (WS),2009,9.0,,48882.0,1915.0,292.0,48882.0,322.0,72.0,89.0,74.0,83.0,75.0
WS31,Waterschap Limburg (WS),2009,18.0,,143203.0,6111.0,951.0,143203.0,1383.0,223.0,67.0,65.0,77.0,77.0
WS32,"WS Amstel, Gooi en Vecht (WS)",2009,12.0,,116127.0,6685.0,973.0,116127.0,1132.0,91.0,76.0,89.0,83.0,91.0
NL01,Nederland totaal,2010,349.0,30365.0,1934310.0,87866.0,13880.0,1934310.0,16586.0,2226.0,82.0,81.0,81.0,84.0
WS01,Waterschap Groot Salland (WS),2010,9.0,635.0,36557.0,1875.0,292.0,36557.0,407.0,67.0,83.0,81.0,78.0,77.0
WS02,Waterschap Rijn en IJssel (WS),2010,14.0,1283.0,66141.0,3490.0,481.0,66141.0,545.0,102.0,81.0,82.0,84.0,79.0
WS03,Waterschap Veluwe (WS),2010,8.0,874.0,55623.0,2986.0,477.0,55623.0,557.0,99.0,81.0,80.0,81.0,79.0
WS04,Waterschap Vallei & Eem (WS),2010,8.0,1129.0,65752.0,3497.0,554.0,65752.0,617.0,59.0,85.0,88.0,82.0,89.0
WS06,Waterschap Regge & Dinkel (WS),2010,19.0,1355.0,73771.0,3396.0,534.0,73771.0,638.0,114.0,81.0,78.0,81.0,79.0
WS07,Hoogheemraadschap van Delfland (WS),2010,4.0,2006.0,128573.0,5837.0,868.0,128573.0,1158.0,165.0,77.0,71.0,80.0,81.0
WS08,Waterschap Zeeuws-Vlaanderen (WS),2010,7.0,228.0,16268.0,620.0,84.0,16268.0,125.0,21.0,81.0,67.0,80.0,75.0
WS09,Waterschap Zeeuwse Eilanden (WS),2010,9.0,569.0,38994.0,1551.0,228.0,38994.0,381.0,41.0,81.0,78.0,75.0,82.0
WS10,Waterschap De Dommel (WS),2010,8.0,1476.0,109279.0,4736.0,873.0,109279.0,843.0,73.0,84.0,90.0,82.0,92.0
WS12,Hoogheemraadschap van Rijnland (WS),2010,29.0,2109.0,124144.0,5646.0,872.0,124144.0,804.0,104.0,82.0,84.0,86.0,88.0
WS13,Waterschap Rivierenland (WS),2010,39.0,1642.0,113907.0,4813.0,770.0,113907.0,974.0,180.0,81.0,71.0,80.0,77.0
WS14,Hhs De Stichtse Rijnlanden (WS),2010,17.0,1388.0,83781.0,4153.0,666.0,83781.0,682.0,89.0,87.0,83.0,84.0,87.0
WS16,Waterschap Hunze en Aa's (WS),2010,13.0,625.0,37161.0,1564.0,249.0,37161.0,270.0,29.0,84.0,89.0,83.0,88.0
WS17,Waterschap Noorderzijlvest (WS),2010,15.0,707.0,56722.0,2354.0,305.0,56722.0,593.0,45.0,74.0,81.0,75.0,85.0
WS18,Waterschap Reest en Wieden (WS),2010,8.0,536.0,28157.0,1360.0,344.0,28157.0,156.0,28.0,88.0,92.0,89.0,92.0
WS19,Waterschap Velt en Vecht (WS),2010,7.0,427.0,23708.0,1215.0,186.0,23708.0,225.0,28.0,82.0,84.0,81.0,85.0
WS20,Waterschap Zuiderzeeland (WS),2010,5.0,668.0,27463.0,1852.0,273.0,27463.0,243.0,24.0,85.0,90.0,87.0,91.0
WS21,Hhs Hollands Noorderkwartier (WS),2010,17.0,1710.0,99194.0,5030.0,802.0,99194.0,872.0,137.0,82.0,77.0,83.0,83.0
WS22,Waterschap Brabantse Delta (WS),2010,17.0,1392.0,103723.0,4005.0,666.0,103723.0,950.0,148.0,83.0,84.0,76.0,78.0
WS23,Wetterskip Fryslân (WS),2010,28.0,1388.0,85578.0,3489.0,553.0,85578.0,517.0,79.0,84.0,83.0,85.0,86.0
WS24,Waterschap Aa en Maas (WS),2010,7.0,1501.0,104019.0,4557.0,905.0,104019.0,903.0,141.0,81.0,86.0,80.0,84.0
WS25,Waterschap Hollandse Delta (WS),2010,22.0,1819.0,134297.0,5179.0,769.0,134297.0,1278.0,114.0,84.0,83.0,75.0,85.0
WS26,Hhs van Schieland en Krimpenerwaard (WS),2010,9.0,709.0,52642.0,2018.0,278.0,52642.0,371.0,56.0,88.0,78.0,82.0,80.0
WS31,Waterschap Limburg (WS),2010,18.0,2120.0,143879.0,5970.0,896.0,143879.0,1342.0,202.0,70.0,67.0,78.0,77.0
WS32,"WS Amstel, Gooi en Vecht (WS)",2010,12.0,2068.0,124977.0,6672.0,958.0,124977.0,1135.0,81.0,77.0,89.0,83.0,92.0
NL01,Nederland totaal,2011,346.0,30383.0,1917390.0,89320.0,13851.0,1917390.0,15250.0,2126.0,84.0,82.0,83.0,85.0
WS01,Waterschap Groot Salland (WS),2011,9.0,635.0,36726.0,1876.0,289.0,36726.0,388.0,49.0,84.0,87.0,79.0,83.0
WS02,Waterschap Rijn en IJssel (WS),2011,13.0,1264.0,66264.0,3779.0,516.0,66264.0,614.0,120.0,84.0,85.0,84.0,77.0
WS03,Waterschap Veluwe (WS),2011,8.0,874.0,53972.0,2742.0,427.0,53972.0,530.0,82.0,81.0,80.0,81.0,81.0
WS04,Waterschap Vallei & Eem (WS),2011,8.0,1129.0,69687.0,3393.0,526.0,69687.0,529.0,49.0,87.0,90.0,84.0,91.0
WS06,Waterschap Regge & Dinkel (WS),2011,18.0,1365.0,72157.0,3515.0,516.0,72157.0,573.0,108.0,82.0,76.0,84.0,79.0
WS07,Hoogheemraadschap van Delfland (WS),2011,4.0,2006.0,126557.0,5746.0,835.0,126557.0,1104.0,174.0,78.0,70.0,81.0,79.0
WS10,Waterschap De Dommel (WS),2011,8.0,1471.0,109267.0,5018.0,868.0,109267.0,908.0,89.0,85.0,90.0,82.0,90.0
WS12,Hoogheemraadschap van Rijnland (WS),2011,28.0,2114.0,128157.0,5790.0,842.0,128157.0,741.0,97.0,84.0,86.0,87.0,88.0
WS13,Waterschap Rivierenland (WS),2011,39.0,1648.0,112706.0,4759.0,763.0,112706.0,912.0,172.0,84.0,75.0,81.0,77.0
WS14,Hhs De Stichtse Rijnlanden (WS),2011,17.0,1388.0,82228.0,4017.0,686.0,82228.0,581.0,90.0,88.0,86.0,86.0,87.0
WS16,Waterschap Hunze en Aa's (WS),2011,13.0,625.0,36411.0,1570.0,237.0,36411.0,234.0,22.0,85.0,92.0,85.0,91.0
WS17,Waterschap Noorderzijlvest (WS),2011,15.0,707.0,52639.0,2331.0,304.0,52639.0,582.0,44.0,77.0,84.0,75.0,86.0
WS18,Waterschap Reest en Wieden (WS),2011,8.0,519.0,26413.0,1291.0,243.0,26413.0,142.0,22.0,87.0,89.0,89.0,91.0
WS19,Waterschap Velt en Vecht (WS),2011,7.0,427.0,32159.0,1431.0,212.0,32159.0,191.0,17.0,86.0,91.0,87.0,92.0
WS20,Waterschap Zuiderzeeland (WS),2011,5.0,668.0,26882.0,2047.0,314.0,26882.0,220.0,25.0,90.0,91.0,89.0,92.0
WS21,Hhs Hollands Noorderkwartier (WS),2011,17.0,1748.0,99195.0,5278.0,810.0,99195.0,732.0,114.0,85.0,77.0,86.0,86.0
WS22,Waterschap Brabantse Delta (WS),2011,17.0,1392.0,97973.0,4095.0,670.0,97973.0,908.0,139.0,84.0,84.0,78.0,79.0
WS23,Wetterskip Fryslân (WS),2011,28.0,1388.0,83428.0,3541.0,588.0,83428.0,506.0,80.0,84.0,85.0,86.0,86.0
WS24,Waterschap Aa en Maas (WS),2011,7.0,1501.0,104845.0,4760.0,991.0,104845.0,835.0,127.0,84.0,87.0,82.0,87.0
WS25,Waterschap Hollandse Delta (WS),2011,22.0,1819.0,124145.0,5078.0,728.0,124145.0,1019.0,105.0,84.0,82.0,80.0,86.0
WS26,Hhs van Schieland en Krimpenerwaard (WS),2011,9.0,709.0,52361.0,2017.0,285.0,52361.0,271.0,53.0,90.0,77.0,87.0,81.0
WS27,Waterschap Scheldestromen (WS),2011,16.0,797.0,50248.0,2250.0,318.0,50248.0,397.0,69.0,86.0,76.0,82.0,78.0
WS31,Waterschap Limburg (WS),2011,18.0,2120.0,148868.0,6146.0,906.0,148868.0,1227.0,198.0,75.0,69.0,80.0,78.0
WS32,"WS Amstel, Gooi en Vecht (WS)",2011,12.0,2069.0,124100.0,6848.0,978.0,124100.0,1106.0,81.0,77.0,89.0,84.0,92.0
NL01,Nederland totaal,2012,343.0,30358.0,1985471.0,89042.0,13459.0,1985471.0,15214.0,2065.0,84.0,82.0,83.0,85.0
WS01,Waterschap Groot Salland (WS),2012,9.0,635.0,35997.0,1861.0,276.0,35997.0,342.0,51.0,84.0,87.0,82.0,82.0
WS02,Waterschap Rijn en IJssel (WS),2012,13.0,1264.0,64965.0,3354.0,458.0,64965.0,510.0,104.0,86.0,85.0,85.0,77.0
WS06,Waterschap Regge & Dinkel (WS),2012,18.0,1365.0,68861.0,3201.0,457.0,68861.0,473.0,83.0,85.0,79.0,85.0,82.0
WS07,Hoogheemraadschap van Delfland (WS),2012,4.0,2006.0,135298.0,5793.0,827.0,135298.0,1194.0,204.0,77.0,63.0,79.0,75.0
WS10,Waterschap De Dommel (WS),2012,8.0,1471.0,112305.0,4924.0,834.0,112305.0,883.0,88.0,86.0,91.0,82.0,89.0
WS12,Hoogheemraadschap van Rijnland (WS),2012,28.0,2114.0,129518.0,5681.0,844.0,129518.0,714.0,66.0,87.0,90.0,87.0,92.0
WS13,Waterschap Rivierenland (WS),2012,39.0,1648.0,116255.0,4788.0,749.0,116255.0,878.0,176.0,84.0,73.0,82.0,77.0
WS14,Hhs De Stichtse Rijnlanden (WS),2012,17.0,1388.0,78845.0,4008.0,625.0,78845.0,530.0,83.0,87.0,84.0,87.0,87.0
WS16,Waterschap Hunze en Aa's (WS),2012,13.0,625.0,35566.0,1524.0,216.0,35566.0,230.0,20.0,85.0,91.0,85.0,91.0
WS17,Waterschap Noorderzijlvest (WS),2012,15.0,707.0,54358.0,2428.0,315.0,54358.0,537.0,39.0,78.0,84.0,78.0,87.0
WS18,Waterschap Reest en Wieden (WS),2012,7.0,505.0,27943.0,1364.0,234.0,27943.0,113.0,15.0,92.0,93.0,92.0,93.0
WS19,Waterschap Velt en Vecht (WS),2012,7.0,427.0,24152.0,1380.0,206.0,24152.0,178.0,16.0,86.0,91.0,87.0,92.0
WS20,Waterschap Zuiderzeeland (WS),2012,5.0,668.0,28033.0,2008.0,302.0,28033.0,209.0,26.0,88.0,92.0,90.0,91.0
WS21,Hhs Hollands Noorderkwartier (WS),2012,15.0,1737.0,107889.0,4880.0,725.0,107889.0,767.0,109.0,84.0,83.0,84.0,85.0
WS22,Waterschap Brabantse Delta (WS),2012,17.0,1392.0,104601.0,4154.0,633.0,104601.0,891.0,145.0,83.0,85.0,79.0,77.0
WS23,Wetterskip Fryslân (WS),2012,28.0,1388.0,95741.0,3615.0,567.0,95741.0,519.0,83.0,85.0,82.0,86.0,85.0
WS24,Waterschap Aa en Maas (WS),2012,7.0,1501.0,106185.0,4599.0,953.0,106185.0,760.0,114.0,84.0,87.0,83.0,88.0
WS25,Waterschap Hollandse Delta (WS),2012,22.0,1819.0,142108.0,5122.0,737.0,142108.0,1107.0,103.0,84.0,83.0,78.0,86.0
WS26,Hhs van Schieland en Krimpenerwaard (WS),2012,9.0,709.0,53789.0,2167.0,290.0,53789.0,317.0,52.0,87.0,76.0,85.0,82.0
WS27,Waterschap Scheldestromen (WS),2012,16.0,797.0,58185.0,2160.0,316.0,58185.0,440.0,76.0,84.0,75.0,80.0,76.0
WS28,Waterschap Vallei en Veluwe (WS),2012,16.0,2003.0,122649.0,6953.0,1063.0,122649.0,1155.0,133.0,85.0,87.0,83.0,87.0
WS31,Waterschap Limburg (WS),2012,18.0,2120.0,152810.0,6248.0,890.0,152810.0,1292.0,190.0,74.0,68.0,79.0,79.0
WS32,"WS Amstel, Gooi en Vecht (WS)",2012,12.0,2069.0,129419.0,6830.0,941.0,129419.0,1175.0,88.0,76.0,88.0,83.0,91.0
NL01,Nederland totaal,2013,341.0,30364.0,1873263.0,87733.0,13356.0,1873263.0,14639.0,2079.0,84.0,82.0,83.0,84.0
WS01,Waterschap Groot Salland (WS),2013,9.0,635.0,34210.0,1811.0,266.0,34210.0,331.0,50.0,85.0,86.0,82.0,81.0
WS02,Waterschap Rijn en IJssel (WS),2013,13.0,1271.0,66840.0,3404.0,491.0,66840.0,498.0,108.0,85.0,83.0,85.0,78.0
WS06,Waterschap Regge & Dinkel (WS),2013,18.0,1373.0,71145.0,3266.0,496.0,71145.0,484.0,94.0,85.0,79.0,85.0,81.0
WS07,Hoogheemraadschap van Delfland (WS),2013,4.0,2006.0,130470.0,5886.0,842.0,130470.0,1126.0,207.0,78.0,63.0,81.0,75.0
WS10,Waterschap De Dommel (WS),2013,8.0,1471.0,102851.0,4857.0,839.0,102851.0,830.0,77.0,87.0,92.0,83.0,91.0
WS12,Hoogheemraadschap van Rijnland (WS),2013,28.0,2114.0,122867.0,5601.0,856.0,122867.0,704.0,89.0,87.0,89.0,87.0,90.0
WS13,Waterschap Rivierenland (WS),2013,37.0,1639.0,112632.0,4646.0,780.0,112632.0,795.0,180.0,84.0,74.0,83.0,77.0
WS14,Hhs De Stichtse Rijnlanden (WS),2013,17.0,1388.0,76944.0,3934.0,658.0,76944.0,493.0,77.0,88.0,87.0,87.0,88.0
WS16,Waterschap Hunze en Aa's (WS),2013,13.0,625.0,34724.0,1469.0,207.0,34724.0,209.0,20.0,85.0,90.0,86.0,91.0
WS17,Waterschap Noorderzijlvest (WS),2013,15.0,707.0,49101.0,2320.0,285.0,49101.0,531.0,50.0,77.0,81.0,77.0,83.0
WS18,Waterschap Reest en Wieden (WS),2013,7.0,505.0,26681.0,1327.0,247.0,26681.0,176.0,21.0,88.0,91.0,87.0,92.0
WS19,Waterschap Velt en Vecht (WS),2013,7.0,427.0,23287.0,1325.0,187.0,23287.0,165.0,12.0,89.0,93.0,88.0,93.0
WS20,Waterschap Zuiderzeeland (WS),2013,5.0,668.0,27348.0,2005.0,291.0,27348.0,230.0,22.0,86.0,92.0,89.0,92.0
WS21,Hhs Hollands Noorderkwartier (WS),2013,15.0,1737.0,95971.0,4872.0,711.0,95971.0,737.0,108.0,85.0,83.0,85.0,85.0
WS22,Waterschap Brabantse Delta (WS),2013,17.0,1392.0,96847.0,4198.0,646.0,96847.0,882.0,152.0,83.0,84.0,79.0,77.0
WS23,Wetterskip Fryslân (WS),2013,28.0,1388.0,77421.0,3525.0,553.0,77421.0,464.0,72.0,87.0,86.0,87.0,87.0
WS24,Waterschap Aa en Maas (WS),2013,7.0,1501.0,99472.0,4553.0,1001.0,99472.0,709.0,117.0,86.0,88.0,84.0,88.0
WS25,Waterschap Hollandse Delta (WS),2013,22.0,1819.0,134146.0,5316.0,733.0,134146.0,1159.0,110.0,83.0,82.0,78.0,85.0
WS26,Hhs van Schieland en Krimpenerwaard (WS),2013,9.0,709.0,53305.0,2137.0,289.0,53305.0,312.0,39.0,89.0,78.0,85.0,87.0
WS27,Waterschap Scheldestromen (WS),2013,16.0,797.0,54078.0,2116.0,303.0,54078.0,422.0,70.0,85.0,76.0,80.0,77.0
WS28,Waterschap Vallei en Veluwe (WS),2013,16.0,2003.0,114821.0,6261.0,943.0,114821.0,987.0,120.0,86.0,87.0,84.0,87.0
WS31,Waterschap Limburg (WS),2013,18.0,2120.0,142234.0,6082.0,772.0,142234.0,1288.0,186.0,73.0,64.0,79.0,76.0
WS32,"WS Amstel, Gooi en Vecht (WS)",2013,12.0,2069.0,125867.0,6822.0,961.0,125867.0,1106.0,99.0,78.0,86.0,84.0,90.0
NL01,Nederland totaal,2014,337.0,30237.0,1841316.0,89627.0,13523.0,1841316.0,14101.0,2179.0,85.0,83.0,84.0,84.0
WS01,Waterschap Groot Salland (WS),2014,9.0,632.0,32736.0,1847.0,270.0,32736.0,330.0,41.0,86.0,88.0,82.0,85.0
WS02,Waterschap Rijn en IJssel (WS),2014,13.0,1271.0,63619.0,3818.0,538.0,63619.0,477.0,129.0,87.0,84.0,88.0,76.0
WS07,Hoogheemraadschap van Delfland (WS),2014,4.0,1936.0,126096.0,5797.0,859.0,126096.0,1149.0,200.0,78.0,65.0,80.0,77.0
WS10,Waterschap De Dommel (WS),2014,8.0,1471.0,107669.0,4984.0,885.0,107669.0,741.0,74.0,89.0,93.0,85.0,92.0
WS12,Hoogheemraadschap van Rijnland (WS),2014,27.0,2111.0,121939.0,6011.0,908.0,121939.0,693.0,93.0,90.0,91.0,88.0,90.0
WS13,Waterschap Rivierenland (WS),2014,37.0,1639.0,108191.0,4719.0,765.0,108191.0,775.0,165.0,86.0,78.0,84.0,78.0
WS14,Hhs De Stichtse Rijnlanden (WS),2014,17.0,1388.0,75458.0,3927.0,629.0,75458.0,541.0,76.0,88.0,89.0,86.0,88.0
WS16,Waterschap Hunze en Aa's (WS),2014,13.0,625.0,32601.0,1517.0,217.0,32601.0,220.0,25.0,86.0,89.0,85.0,88.0
WS17,Waterschap Noorderzijlvest (WS),2014,15.0,707.0,47669.0,2371.0,294.0,47669.0,423.0,49.0,78.0,77.0,82.0,83.0
WS18,Waterschap Reest en Wieden (WS),2014,7.0,505.0,26802.0,1645.0,265.0,26802.0,135.0,20.0,89.0,93.0,92.0,92.0
WS20,Waterschap Zuiderzeeland (WS),2014,5.0,685.0,26873.0,2076.0,288.0,26873.0,167.0,23.0,91.0,92.0,92.0,92.0
WS21,Hhs Hollands Noorderkwartier (WS),2014,15.0,1737.0,95096.0,5014.0,757.0,95096.0,840.0,115.0,84.0,84.0,83.0,85.0
WS22,Waterschap Brabantse Delta (WS),2014,17.0,1392.0,97245.0,3912.0,609.0,97245.0,845.0,139.0,83.0,83.0,78.0,77.0
WS23,Wetterskip Fryslân (WS),2014,28.0,1394.0,76144.0,3560.0,561.0,76144.0,435.0,74.0,87.0,85.0,88.0,87.0
WS24,Waterschap Aa en Maas (WS),2014,7.0,1501.0,102246.0,4548.0,966.0,102246.0,652.0,105.0,87.0,88.0,86.0,89.0
WS25,Waterschap Hollandse Delta (WS),2014,20.0,1810.0,126758.0,5187.0,760.0,126758.0,1070.0,118.0,86.0,82.0,79.0,84.0
WS26,Hhs van Schieland en Krimpenerwaard (WS),2014,9.0,709.0,51252.0,2231.0,314.0,51252.0,360.0,68.0,88.0,78.0,84.0,78.0
WS27,Waterschap Scheldestromen (WS),2014,16.0,797.0,49492.0,2221.0,306.0,49492.0,439.0,72.0,85.0,73.0,80.0,77.0
WS28,Waterschap Vallei en Veluwe (WS),2014,16.0,2003.0,111707.0,6031.0,875.0,111707.0,939.0,184.0,87.0,84.0,84.0,79.0
WS29,Waterschap Vechtstromen (WS),2014,24.0,1793.0,91137.0,4886.0,711.0,91137.0,704.0,134.0,87.0,83.0,86.0,81.0
WS31,Waterschap Limburg (WS),2014,18.0,2120.0,148610.0,6370.0,774.0,148610.0,1224.0,184.0,75.0,66.0,81.0,76.0
WS32,"WS Amstel, Gooi en Vecht (WS)",2014,12.0,2011.0,121975.0,6953.0,973.0,121975.0,943.0,89.0,83.0,87.0,86.0,91.0
NL01,Nederland totaal,2015,334.0,30246.0,1957261.0,89122.0,13389.0,1957261.0,14641.0,1960.0,85.0,84.0,84.0,85.0
WS01,Waterschap Groot Salland (WS),2015,9.0,632.0,37203.0,1880.0,275.0,37203.0,391.0,36.0,84.0,90.0,79.0,87.0
WS02,Waterschap Rijn en IJssel (WS),2015,13.0,1271.0,72065.0,3651.0,537.0,72065.0,511.0,110.0,86.0,86.0,86.0,80.0
WS07,Hoogheemraadschap van Delfland (WS),2015,4.0,1938.0,131009.0,5823.0,853.0,131009.0,1143.0,191.0,78.0,67.0,80.0,78.0
WS10,Waterschap De Dommel (WS),2015,8.0,1471.0,106710.0,4876.0,883.0,106710.0,807.0,91.0,86.0,91.0,83.0,90.0
WS12,Hoogheemraadschap van Rijnland (WS),2015,25.0,2095.0,129690.0,5720.0,885.0,129690.0,619.0,84.0,89.0,92.0,89.0,91.0
WS13,Waterschap Rivierenland (WS),2015,37.0,1639.0,112770.0,4720.0,742.0,112770.0,900.0,150.0,84.0,79.0,81.0,80.0
WS14,Hhs De Stichtse Rijnlanden (WS),2015,17.0,1388.0,78755.0,3912.0,607.0,78755.0,539.0,57.0,88.0,90.0,86.0,91.0
WS16,Waterschap Hunze en Aa's (WS),2015,13.0,620.0,37712.0,1486.0,208.0,37712.0,210.0,32.0,85.0,84.0,86.0,85.0
WS17,Waterschap Noorderzijlvest (WS),2015,14.0,702.0,56491.0,2365.0,292.0,56491.0,404.0,44.0,82.0,84.0,83.0,85.0
WS18,Waterschap Reest en Wieden (WS),2015,7.0,505.0,29097.0,1307.0,234.0,29097.0,150.0,24.0,89.0,92.0,89.0,90.0
WS20,Waterschap Zuiderzeeland (WS),2015,5.0,724.0,28495.0,2024.0,294.0,28495.0,167.0,22.0,91.0,93.0,92.0,93.0
WS21,Hhs Hollands Noorderkwartier (WS),2015,15.0,1731.0,104606.0,5177.0,746.0,104606.0,846.0,114.0,83.0,83.0,84.0,85.0
WS22,Waterschap Brabantse Delta (WS),2015,17.0,1386.0,98044.0,4131.0,644.0,98044.0,901.0,146.0,83.0,84.0,78.0,77.0
WS23,Wetterskip Fryslân (WS),2015,28.0,1394.0,88994.0,3652.0,568.0,88994.0,475.0,72.0,86.0,85.0,87.0,87.0
WS24,Waterschap Aa en Maas (WS),2015,7.0,1501.0,102997.0,4543.0,973.0,102997.0,633.0,122.0,87.0,86.0,86.0,87.0
WS25,Waterschap Hollandse Delta (WS),2015,20.0,1808.0,136370.0,5268.0,772.0,136370.0,1090.0,104.0,85.0,83.0,79.0,86.0
WS26,Hhs van Schieland en Krimpenerwaard (WS),2015,9.0,709.0,54893.0,2205.0,296.0,54893.0,394.0,54.0,88.0,78.0,82.0,82.0
WS27,Waterschap Scheldestromen (WS),2015,16.0,797.0,52274.0,2152.0,304.0,52274.0,409.0,64.0,85.0,73.0,81.0,79.0
WS28,Waterschap Vallei en Veluwe (WS),2015,16.0,2003.0,118877.0,5917.0,848.0,118877.0,948.0,110.0,85.0,87.0,84.0,87.0
WS29,Waterschap Vechtstromen (WS),2015,24.0,1788.0,101550.0,4811.0,701.0,101550.0,726.0,107.0,87.0,87.0,85.0,85.0
WS31,Waterschap Limburg (WS),2015,18.0,2120.0,147798.0,6447.0,751.0,147798.0,1378.0,146.0,72.0,73.0,79.0,81.0
WS32,"WS Amstel, Gooi en Vecht (WS)",2015,12.0,2024.0,130860.0,7053.0,977.0,130860.0,1001.0,81.0,82.0,88.0,86.0,92.0
NL01,Nederland totaal,2016,327.0,30122.0,1904878.0,92967.0,13401.0,1904878.0,14401.0,1769.0,86.0,85.0,85.0,87.0
WS02,Waterschap Rijn en IJssel (WS),2016,13.0,1271.0,70331.0,3693.0,540.0,70331.0,499.0,92.0,86.0,86.0,86.0,83.0
WS07,Hoogheemraadschap van Delfland (WS),2016,4.0,1938.0,133020.0,6174.0,851.0,133020.0,1193.0,197.0,78.0,66.0,81.0,77.0
WS10,Waterschap De Dommel (WS),2016,8.0,1471.0,114013.0,5157.0,873.0,114013.0,816.0,83.0,87.0,92.0,84.0,90.0
WS12,Hoogheemraadschap van Rijnland (WS),2016,22.0,2084.0,121488.0,5949.0,869.0,121488.0,683.0,75.0,89.0,93.0,89.0,91.0
WS13,Waterschap Rivierenland (WS),2016,36.0,1625.0,109935.0,5302.0,784.0,109935.0,886.0,164.0,86.0,79.0,83.0,79.0
WS14,Hhs De Stichtse Rijnlanden (WS),2016,17.0,1388.0,76798.0,4334.0,662.0,76798.0,528.0,56.0,88.0,90.0,88.0,92.0
WS16,Waterschap Hunze en Aa's (WS),2016,13.0,620.0,33467.0,1334.0,211.0,33467.0,200.0,32.0,85.0,82.0,85.0,85.0
WS17,Waterschap Noorderzijlvest (WS),2016,14.0,702.0,48412.0,2130.0,280.0,48412.0,313.0,35.0,84.0,85.0,85.0,88.0
WS20,Waterschap Zuiderzeeland (WS),2016,5.0,724.0,27941.0,2161.0,312.0,27941.0,169.0,20.0,91.0,94.0,92.0,94.0
WS21,Hhs Hollands Noorderkwartier (WS),2016,15.0,1731.0,93352.0,5078.0,697.0,93352.0,821.0,84.0,84.0,86.0,84.0,88.0
WS22,Waterschap Brabantse Delta (WS),2016,17.0,1386.0,99375.0,4325.0,646.0,99375.0,931.0,146.0,84.0,84.0,78.0,77.0
WS23,Wetterskip Fryslân (WS),2016,27.0,1380.0,79802.0,3733.0,547.0,79802.0,403.0,70.0,89.0,85.0,89.0,87.0
WS24,Waterschap Aa en Maas (WS),2016,7.0,1501.0,104317.0,5101.0,976.0,104317.0,611.0,84.0,88.0,89.0,88.0,91.0
WS25,Waterschap Hollandse Delta (WS),2016,20.0,1808.0,131129.0,5743.0,754.0,131129.0,1067.0,88.0,86.0,84.0,81.0,88.0
WS26,Hhs van Schieland en Krimpenerwaard (WS),2016,9.0,709.0,55790.0,2228.0,298.0,55790.0,359.0,53.0,85.0,79.0,84.0,82.0
WS27,Waterschap Scheldestromen (WS),2016,16.0,797.0,53046.0,2118.0,290.0,53046.0,390.0,54.0,85.0,77.0,82.0,81.0
WS28,Waterschap Vallei en Veluwe (WS),2016,16.0,2003.0,115494.0,6147.0,854.0,115494.0,938.0,103.0,86.0,88.0,85.0,88.0
WS29,Waterschap Vechtstromen (WS),2016,23.0,1783.0,93528.0,4950.0,718.0,93528.0,665.0,102.0,87.0,86.0,87.0,86.0
WS30,WS Drents Overijsselse Delta (WS),2016,16.0,1137.0,57752.0,3291.0,540.0,57752.0,438.0,51.0,87.0,93.0,87.0,91.0
WS31,Waterschap Limburg (WS),2016,17.0,2041.0,158787.0,6519.0,691.0,158787.0,1387.0,103.0,74.0,80.0,79.0,85.0
WS32,"WS Amstel, Gooi en Vecht (WS)",2016,12.0,2024.0,127103.0,7500.0,1008.0,127103.0,1106.0,77.0,82.0,89.0,85.0,92.0
NL01,Nederland totaal,2017,326.0,29904.0,1921056.0,93372.0,13430.0,1921056.0,14877.0,1843.0,86.0,85.0,84.0,86.0
WS02,Waterschap Rijn en IJssel (WS),2017,13.0,1271.0,66750.0,3836.0,532.0,66750.0,483.0,87.0,87.0,86.0,87.0,84.0
WS07,Hoogheemraadschap van Delfland (WS),2017,4.0,1938.0,136842.0,6417.0,863.0,136842.0,1121.0,173.0,80.0,69.0,83.0,80.0
WS10,Waterschap De Dommel (WS),2017,8.0,1471.0,102702.0,5532.0,954.0,102702.0,1072.0,89.0,85.0,89.0,81.0,91.0
WS12,Hoogheemraadschap van Rijnland (WS),2017,22.0,2116.0,128986.0,5905.0,828.0,128986.0,980.0,135.0,86.0,89.0,83.0,84.0
WS13,Waterschap Rivierenland (WS),2017,36.0,1645.0,108358.0,5190.0,725.0,108358.0,806.0,142.0,86.0,80.0,84.0,80.0
WS14,Hhs De Stichtse Rijnlanden (WS),2017,17.0,1388.0,80243.0,4232.0,618.0,80243.0,495.0,40.0,89.0,93.0,88.0,93.0
WS16,Waterschap Hunze en Aa's (WS),2017,13.0,620.0,35702.0,1393.0,195.0,35702.0,228.0,40.0,85.0,82.0,84.0,79.0
WS17,Waterschap Noorderzijlvest (WS),2017,13.0,684.0,54667.0,1923.0,279.0,54667.0,399.0,43.0,80.0,79.0,79.0,85.0
WS20,Waterschap Zuiderzeeland (WS),2017,5.0,724.0,28641.0,2133.0,288.0,28641.0,166.0,20.0,92.0,93.0,92.0,93.0
WS21,Hhs Hollands Noorderkwartier (WS),2017,15.0,1676.0,104289.0,5057.0,699.0,104289.0,803.0,81.0,83.0,88.0,84.0,88.0
WS22,Waterschap Brabantse Delta (WS),2017,17.0,1297.0,96842.0,4242.0,627.0,96842.0,868.0,143.0,85.0,85.0,80.0,77.0
WS23,Wetterskip Fryslân (WS),2017,27.0,1380.0,92729.0,3870.0,583.0,92729.0,307.0,95.0,92.0,83.0,92.0,84.0
WS24,Waterschap Aa en Maas (WS),2017,7.0,1450.0,101542.0,4972.0,928.0,101542.0,832.0,112.0,84.0,88.0,83.0,88.0
WS25,Waterschap Hollandse Delta (WS),2017,20.0,1812.0,132134.0,5940.0,886.0,132134.0,1183.0,100.0,85.0,85.0,80.0,89.0
WS26,Hhs van Schieland en Krimpenerwaard (WS),2017,9.0,655.0,54606.0,2269.0,323.0,54606.0,347.0,43.0,89.0,85.0,85.0,87.0
WS27,Waterschap Scheldestromen (WS),2017,16.0,797.0,51350.0,2026.0,270.0,51350.0,386.0,53.0,85.0,79.0,81.0,80.0
WS28,Waterschap Vallei en Veluwe (WS),2017,16.0,2028.0,117839.0,6270.0,852.0,117839.0,981.0,108.0,86.0,88.0,84.0,87.0
WS29,Waterschap Vechtstromen (WS),2017,23.0,1751.0,87466.0,5031.0,719.0,87466.0,688.0,99.0,88.0,86.0,86.0,86.0
WS30,WS Drents Overijsselse Delta (WS),2017,16.0,1137.0,61057.0,3136.0,495.0,61057.0,436.0,50.0,88.0,91.0,86.0,90.0
WS31,Waterschap Limburg (WS),2017,17.0,2041.0,148311.0,6378.0,777.0,148311.0,1240.0,102.0,79.0,83.0,81.0,87.0
WS32,"WS Amstel, Gooi en Vecht (WS)",2017,12.0,2024.0,130000.0,7620.0,991.0,130000.0,1054.0,88.0,82.0,88.0,86.0,91.0
NL01,Nederland totaal,2018,323.0,29942.0,1773436.0,94116.0,13307.0,1773436.0,14006.0,1676.0,87.0,85.0,85.0,87.0
WS02,Waterschap Rijn en IJssel (WS),2018,13.0,1270.0,64190.0,3513.0,519.0,64190.0,386.0,68.0,89.0,87.0,89.0,87.0
WS07,Hoogheemraadschap van Delfland (WS),2018,4.0,1932.0,125762.0,6690.0,861.0,125762.0,1152.0,148.0,80.0,72.0,83.0,83.0
WS10,Waterschap De Dommel (WS),2018,8.0,1448.0,101736.0,5464.0,887.0,101736.0,769.0,57.0,88.0,93.0,86.0,94.0
WS12,Hoogheemraadschap van Rijnland (WS),2018,19.0,2050.0,111688.0,6048.0,819.0,111688.0,719.0,113.0,90.0,90.0,88.0,86.0
WS13,Waterschap Rivierenland (WS),2018,36.0,1653.0,105707.0,5411.0,738.0,105707.0,832.0,134.0,86.0,80.0,85.0,82.0
WS14,Hhs De Stichtse Rijnlanden (WS),2018,17.0,1388.0,73595.0,4511.0,619.0,73595.0,539.0,54.0,88.0,91.0,88.0,91.0
WS16,Waterschap Hunze en Aa's (WS),2018,13.0,619.0,32090.0,1407.0,194.0,32090.0,203.0,30.0,87.0,86.0,86.0,85.0
WS17,Waterschap Noorderzijlvest (WS),2018,13.0,684.0,47448.0,1888.0,266.0,47448.0,365.0,32.0,83.0,83.0,81.0,88.0
WS20,Waterschap Zuiderzeeland (WS),2018,5.0,754.0,27221.0,2236.0,318.0,27221.0,175.0,19.0,92.0,94.0,92.0,94.0
WS21,Hhs Hollands Noorderkwartier (WS),2018,15.0,1676.0,87648.0,5135.0,759.0,87648.0,809.0,98.0,84.0,83.0,84.0,87.0
WS22,Waterschap Brabantse Delta (WS),2018,17.0,1312.0,91543.0,4390.0,643.0,91543.0,867.0,132.0,86.0,86.0,80.0,79.0
WS23,Wetterskip Fryslân (WS),2018,27.0,1380.0,77544.0,3752.0,562.0,77544.0,421.0,75.0,89.0,85.0,89.0,87.0
WS24,Waterschap Aa en Maas (WS),2018,7.0,1534.0,97274.0,5016.0,948.0,97274.0,635.0,91.0,88.0,88.0,87.0,90.0
WS25,Waterschap Hollandse Delta (WS),2018,20.0,1812.0,124304.0,5960.0,867.0,124304.0,1234.0,115.0,86.0,84.0,79.0,87.0
WS26,Hhs van Schieland en Krimpenerwaard (WS),2018,9.0,655.0,50851.0,2208.0,274.0,50851.0,317.0,46.0,90.0,86.0,86.0,83.0
WS27,Waterschap Scheldestromen (WS),2018,16.0,794.0,47899.0,2119.0,256.0,47899.0,433.0,52.0,82.0,72.0,80.0,80.0
WS28,Waterschap Vallei en Veluwe (WS),2018,16.0,2028.0,110780.0,6408.0,853.0,110780.0,922.0,104.0,87.0,88.0,86.0,88.0
WS29,Waterschap Vechtstromen (WS),2018,23.0,1761.0,86152.0,4914.0,711.0,86152.0,628.0,77.0,88.0,87.0,87.0,89.0
WS30,WS Drents Overijsselse Delta (WS),2018,16.0,1137.0,56092.0,3192.0,483.0,56092.0,416.0,52.0,90.0,92.0,87.0,89.0
WS31,Waterschap Limburg (WS),2018,17.0,2032.0,131743.0,6419.0,768.0,131743.0,1172.0,86.0,81.0,85.0,82.0,89.0
WS32,"WS Amstel, Gooi en Vecht (WS)",2018,12.0,2024.0,122168.0,7435.0,963.0,122168.0,1011.0,91.0,83.0,89.0,86.0,91.0
NL01,Nederland totaal,2019,317.0,29784.0,1904102.0,94209.0,13555.0,1904102.0,14391.0,1767.0,86.0,85.0,85.0,87.0
WS02,Waterschap Rijn en IJssel (WS),2019,13.0,1270.0,66954.0,3736.0,547.0,66954.0,441.0,67.0,89.0,86.0,88.0,88.0
WS07,Hoogheemraadschap van Delfland (WS),2019,4.0,1784.0,129858.0,6545.0,876.0,129858.0,1036.0,170.0,82.0,72.0,84.0,81.0
WS10,Waterschap De Dommel (WS),2019,8.0,1448.0,103958.0,5073.0,823.0,103958.0,772.0,65.0,86.0,92.0,85.0,92.0
WS12,Hoogheemraadschap van Rijnland (WS),2019,19.0,2050.0,129159.0,6034.0,853.0,129159.0,682.0,73.0,90.0,92.0,89.0,91.0
WS13,Waterschap Rivierenland (WS),2019,33.0,1622.0,110285.0,5427.0,790.0,110285.0,809.0,145.0,86.0,80.0,85.0,82.0
WS14,Hhs De Stichtse Rijnlanden (WS),2019,16.0,1361.0,81379.0,4297.0,566.0,81379.0,548.0,57.0,88.0,91.0,87.0,90.0
WS16,Waterschap Hunze en Aa's (WS),2019,13.0,619.0,35702.0,1398.0,195.0,35702.0,228.0,40.0,85.0,82.0,84.0,79.0
WS17,Waterschap Noorderzijlvest (WS),2019,13.0,684.0,51324.0,2003.0,277.0,51324.0,370.0,36.0,84.0,83.0,82.0,87.0
WS20,Waterschap Zuiderzeeland (WS),2019,5.0,754.0,28069.0,2353.0,334.0,28069.0,169.0,21.0,92.0,93.0,93.0,94.0
WS21,Hhs Hollands Noorderkwartier (WS),2019,15.0,1713.0,102301.0,5223.0,714.0,102301.0,867.0,96.0,82.0,85.0,83.0,87.0
WS22,Waterschap Brabantse Delta (WS),2019,17.0,1296.0,97486.0,4499.0,679.0,97486.0,950.0,149.0,86.0,85.0,79.0,78.0
WS23,Wetterskip Fryslân (WS),2019,27.0,1380.0,88865.0,3823.0,550.0,88865.0,416.0,73.0,89.0,85.0,89.0,87.0
WS24,Waterschap Aa en Maas (WS),2019,7.0,1534.0,99440.0,4954.0,998.0,99440.0,684.0,102.0,87.0,88.0,86.0,90.0
WS25,Waterschap Hollandse Delta (WS),2019,20.0,1812.0,135739.0,5817.0,826.0,135739.0,1233.0,115.0,85.0,83.0,79.0,86.0
WS26,Hhs van Schieland en Krimpenerwaard (WS),2019,9.0,655.0,56233.0,2247.0,289.0,56233.0,375.0,41.0,87.0,81.0,83.0,86.0
WS27,Waterschap Scheldestromen (WS),2019,15.0,799.0,48112.0,2177.0,284.0,48112.0,427.0,38.0,83.0,85.0,80.0,86.0
WS28,Waterschap Vallei en Veluwe (WS),2019,16.0,2028.0,115994.0,6438.0,847.0,115994.0,942.0,107.0,87.0,88.0,85.0,87.0
WS29,Waterschap Vechtstromen (WS),2019,23.0,1761.0,91187.0,4943.0,840.0,91187.0,686.0,101.0,88.0,85.0,86.0,88.0
WS30,WS Drents Overijsselse Delta (WS),2019,16.0,1160.0,59936.0,3187.0,463.0,59936.0,401.0,49.0,89.0,91.0,87.0,89.0
WS31,Waterschap Limburg (WS),2019,17.0,2032.0,143745.0,6336.0,809.0,143745.0,1278.0,114.0,84.0,82.0,80.0,86.0
WS32,"WS Amstel, Gooi en Vecht (WS)",2019,11.0,2023.0,128376.0,7698.0,997.0,128376.0,1079.0,107.0,82.0,90.0,86.0,89.0
NL01,Nederland totaal,2020,315.0,29713.0,1936833.0,93601.0,13284.0,1936833.0,14307.0,1641.0,86.0,86.0,85.0,88.0
WS02,Waterschap Rijn en IJssel (WS),2020,13.0,1270.0,69490.0,3807.0,548.0,69490.0,405.0,45.0,90.0,90.0,89.0,92.0
WS07,Hoogheemraadschap van Delfland (WS),2020,4.0,1784.0,139378.0,6287.0,861.0,139378.0,1009.0,155.0,81.0,74.0,84.0,82.0
WS10,Waterschap De Dommel (WS),2020,8.0,1448.0,106450.0,5056.0,787.0,106450.0,784.0,64.0,86.0,91.0,84.0,92.0
WS12,Hoogheemraadschap van Rijnland (WS),2020,19.0,2038.0,130633.0,5902.0,833.0,130633.0,670.0,68.0,89.0,93.0,89.0,92.0
WS13,Waterschap Rivierenland (WS),2020,31.0,1620.0,105162.0,5291.0,806.0,105162.0,749.0,145.0,87.0,79.0,86.0,82.0
WS14,Hhs De Stichtse Rijnlanden (WS),2020,16.0,1370.0,79626.0,4082.0,549.0,79626.0,516.0,46.0,88.0,92.0,87.0,92.0
WS16,Waterschap Hunze en Aa's (WS),2020,13.0,619.0,37140.0,1513.0,206.0,37140.0,226.0,26.0,87.0,88.0,85.0,87.0
WS17,Waterschap Noorderzijlvest (WS),2020,13.0,684.0,55057.0,2068.0,302.0,55057.0,556.0,48.0,82.0,82.0,73.0,84.0
WS20,Waterschap Zuiderzeeland (WS),2020,5.0,754.0,29602.0,2453.0,349.0,29602.0,243.0,25.0,90.0,92.0,90.0,93.0
WS21,Hhs Hollands Noorderkwartier (WS),2020,15.0,1722.0,104262.0,5286.0,712.0,104262.0,848.0,81.0,83.0,87.0,84.0,89.0
WS22,Waterschap Brabantse Delta (WS),2020,17.0,1296.0,97388.0,4437.0,671.0,97388.0,923.0,143.0,85.0,85.0,79.0,79.0
WS23,Wetterskip Fryslân (WS),2020,27.0,1336.0,91459.0,4051.0,566.0,91459.0,414.0,68.0,89.0,86.0,90.0,88.0
WS24,Waterschap Aa en Maas (WS),2020,7.0,1534.0,101792.0,4754.0,989.0,101792.0,635.0,97.0,88.0,89.0,87.0,90.0
WS25,Waterschap Hollandse Delta (WS),2020,20.0,1808.0,139077.0,5752.0,787.0,139077.0,1209.0,116.0,86.0,83.0,79.0,85.0
WS26,Hhs van Schieland en Krimpenerwaard (WS),2020,9.0,655.0,54192.0,2092.0,275.0,54192.0,347.0,40.0,88.0,83.0,83.0,85.0
WS27,Waterschap Scheldestromen (WS),2020,15.0,799.0,50169.0,2154.0,266.0,50169.0,408.0,47.0,86.0,83.0,81.0,82.0
WS28,Waterschap Vallei en Veluwe (WS),2020,16.0,2028.0,114802.0,6548.0,865.0,114802.0,1064.0,116.0,85.0,87.0,84.0,87.0
WS29,Waterschap Vechtstromen (WS),2020,23.0,1725.0,92790.0,5013.0,758.0,92790.0,668.0,81.0,87.0,86.0,87.0,89.0
WS30,WS Drents Overijsselse Delta (WS),2020,16.0,1160.0,61062.0,3311.0,471.0,61062.0,444.0,51.0,88.0,89.0,87.0,89.0
WS31,Waterschap Limburg (WS),2020,17.0,2041.0,148116.0,6415.0,750.0,148116.0,1217.0,102.0,80.0,84.0,81.0,86.0
WS32,"WS Amstel, Gooi en Vecht (WS)",2020,11.0,2023.0,129186.0,7330.0,933.0,129186.0,971.0,76.0,85.0,88.0,87.0,92.0
NL01,Nederland totaal,2021,313.0,29957.0,1963884.0,93852.0,13120.0,1963884.0,14379.0,1681.0,86.0,86.0,85.0,87.0
WS02,Waterschap Rijn en IJssel (WS),2021,13.0,1235.0,71993.0,4170.0,623.0,71993.0,475.0,56.0,89.0,89.0,89.0,91.0
WS07,Hoogheemraadschap van Delfland (WS),2021,4.0,1930.0,137185.0,6493.0,865.0,137185.0,1031.0,165.0,82.0,71.0,84.0,81.0
WS10,Waterschap De Dommel (WS),2021,8.0,1448.0,107850.0,4956.0,849.0,107850.0,695.0,54.0,88.0,93.0,86.0,94.0
WS12,Hoogheemraadschap van Rijnland (WS),2021,19.0,2060.0,129327.0,5864.0,830.0,129327.0,666.0,67.0,89.0,93.0,89.0,92.0
WS13,Waterschap Rivierenland (WS),2021,29.0,1692.0,111320.0,5504.0,837.0,111320.0,917.0,175.0,85.0,78.0,83.0,79.0
WS14,Hhs De Stichtse Rijnlanden (WS),2021,16.0,1361.0,80400.0,4206.0,562.0,80400.0,494.0,48.0,89.0,92.0,88.0,92.0
WS16,Waterschap Hunze en Aa's (WS),2021,13.0,619.0,37861.0,1514.0,245.0,37861.0,240.0,28.0,85.0,87.0,84.0,89.0
WS17,Waterschap Noorderzijlvest (WS),2021,13.0,684.0,54878.0,1968.0,290.0,54878.0,491.0,41.0,81.0,84.0,75.0,86.0
WS20,Waterschap Zuiderzeeland (WS),2021,5.0,754.0,29684.0,2433.0,329.0,29684.0,203.0,25.0,91.0,93.0,92.0,92.0
WS21,Hhs Hollands Noorderkwartier (WS),2021,15.0,1703.0,104093.0,5299.0,731.0,104093.0,782.0,80.0,85.0,87.0,85.0,89.0
WS22,Waterschap Brabantse Delta (WS),2021,17.0,1296.0,97200.0,4325.0,637.0,97200.0,903.0,144.0,85.0,85.0,79.0,77.0
WS23,Wetterskip Fryslân (WS),2021,27.0,1336.0,94838.0,4175.0,591.0,94838.0,465.0,64.0,88.0,86.0,89.0,89.0
WS24,Waterschap Aa en Maas (WS),2021,7.0,1562.0,105253.0,4729.0,835.0,105253.0,582.0,74.0,89.0,90.0,88.0,91.0
WS25,Waterschap Hollandse Delta (WS),2021,20.0,1808.0,138261.0,5609.0,720.0,138261.0,1238.0,110.0,85.0,84.0,78.0,85.0
WS26,Hhs van Schieland en Krimpenerwaard (WS),2021,9.0,682.0,51957.0,2073.0,276.0,51957.0,345.0,44.0,86.0,81.0,83.0,84.0
WS27,Waterschap Scheldestromen (WS),2021,15.0,799.0,54976.0,2258.0,259.0,54976.0,449.0,69.0,85.0,79.0,80.0,73.0
WS28,Waterschap Vallei en Veluwe (WS),2021,16.0,2026.0,116097.0,6743.0,885.0,116097.0,1052.0,114.0,86.0,88.0,84.0,87.0
WS29,Waterschap Vechtstromen (WS),2021,23.0,1731.0,96111.0,5007.0,698.0,96111.0,669.0,93.0,88.0,87.0,87.0,87.0
WS30,WS Drents Overijsselse Delta (WS),2021,16.0,1160.0,61554.0,3333.0,470.0,61554.0,446.0,43.0,89.0,92.0,87.0,91.0
WS31,Waterschap Limburg (WS),2021,17.0,2051.0,157517.0,6313.0,705.0,157517.0,1233.0,99.0,81.0,84.0,80.0,86.0
WS32,"WS Amstel, Gooi en Vecht (WS)",2021,11.0,2020.0,125527.0,6882.0,883.0,125527.0,1004.0,88.0,86.0,88.0,85.0,90.0
NL01,Nederland totaal,2022,313.0,29995.0,1807838.0,92433.0,12944.0,1807838.0,12960.0,1609.0,87.0,86.0,86.0,88.0
WS02,Waterschap Rijn en IJssel (WS),2022,13.0,1270.0,63954.0,3999.0,576.0,63954.0,418.0,54.0,90.0,90.0,90.0,91.0
WS07,Hoogheemraadschap van Delfland (WS),2022,4.0,1930.0,123717.0,6445.0,862.0,123717.0,1091.0,165.0,81.0,73.0,83.0,81.0
WS10,Waterschap De Dommel (WS),2022,8.0,1448.0,96529.0,5068.0,813.0,96529.0,545.0,41.0,90.0,94.0,89.0,95.0
WS12,Hoogheemraadschap van Rijnland (WS),2022,19.0,2060.0,117943.0,5746.0,837.0,117943.0,611.0,70.0,90.0,93.0,89.0,92.0
WS13,Waterschap Rivierenland (WS),2022,29.0,1692.0,105982.0,5553.0,830.0,105982.0,797.0,136.0,87.0,80.0,86.0,84.0
WS14,Hhs De Stichtse Rijnlanden (WS),2022,16.0,1361.0,76299.0,4226.0,555.0,76299.0,503.0,56.0,88.0,90.0,88.0,90.0
WS16,Waterschap Hunze en Aa's (WS),2022,13.0,619.0,33277.0,1387.0,233.0,33277.0,194.0,27.0,87.0,88.0,86.0,88.0
WS17,Waterschap Noorderzijlvest (WS),2022,13.0,684.0,50917.0,1904.0,285.0,50917.0,466.0,45.0,81.0,80.0,76.0,84.0
WS20,Waterschap Zuiderzeeland (WS),2022,5.0,765.0,28153.0,2355.0,307.0,28153.0,185.0,16.0,91.0,95.0,92.0,95.0
WS21,Hhs Hollands Noorderkwartier (WS),2022,15.0,1703.0,94897.0,5355.0,755.0,94897.0,800.0,99.0,82.0,83.0,85.0,87.0
WS22,Waterschap Brabantse Delta (WS),2022,17.0,1296.0,93255.0,4275.0,638.0,93255.0,853.0,155.0,85.0,85.0,80.0,76.0
WS23,Wetterskip Fryslân (WS),2022,27.0,1336.0,84960.0,3929.0,565.0,84960.0,380.0,69.0,90.0,85.0,90.0,88.0
WS24,Waterschap Aa en Maas (WS),2022,7.0,1562.0,96786.0,4629.0,804.0,96786.0,505.0,68.0,90.0,90.0,89.0,92.0
WS25,Waterschap Hollandse Delta (WS),2022,20.0,1808.0,126824.0,5461.0,742.0,126824.0,1060.0,107.0,87.0,83.0,81.0,86.0
WS26,Hhs van Schieland en Krimpenerwaard (WS),2022,9.0,682.0,50443.0,2146.0,280.0,50443.0,317.0,52.0,88.0,81.0,85.0,81.0
WS27,Waterschap Scheldestromen (WS),2022,15.0,799.0,47954.0,2200.0,242.0,47954.0,363.0,41.0,86.0,82.0,84.0,83.0
WS28,Waterschap Vallei en Veluwe (WS),2022,16.0,2026.0,111368.0,6564.0,845.0,111368.0,887.0,129.0,88.0,87.0,86.0,85.0
WS29,Waterschap Vechtstromen (WS),2022,23.0,1729.0,85994.0,4876.0,705.0,85994.0,587.0,81.0,88.0,87.0,88.0,89.0
WS30,WS Drents Overijsselse Delta (WS),2022,16.0,1160.0,59154.0,3274.0,469.0,59154.0,412.0,46.0,89.0,91.0,87.0,90.0
WS31,Waterschap Limburg (WS),2022,17.0,2046.0,136129.0,6080.0,699.0,136129.0,1048.0,79.0,85.0,88.0,83.0,89.0
WS32,"WS Amstel, Gooi en Vecht (WS)",2022,11.0,2020.0,123302.0,6961.0,904.0,123302.0,938.0,74.0,86.0,88.0,87.0,92.0
NL01,Nederland totaal,2023,313.0,29995.0,2245264.0,92983.0,12757.0,2245264.0,15157.0,1773.0,85.0,85.0,84.0,86.0
WS02,Waterschap Rijn en IJssel (WS),2023,13.0,1270.0,83345.0,3868.0,581.0,83345.0,484.0,62.0,89.0,89.0,87.0,89.0
WS07,Hoogheemraadschap van Delfland (WS),2023,4.0,1930.0,145007.0,6599.0,865.0,145007.0,1116.0,127.0,81.0,78.0,83.0,85.0
WS10,Waterschap De Dommel (WS),2023,8.0,1448.0,138079.0,5219.0,827.0,138079.0,764.0,71.0,86.0,92.0,85.0,91.0
WS12,Hoogheemraadschap van Rijnland (WS),2023,19.0,2060.0,144041.0,5809.0,813.0,144041.0,737.0,101.0,88.0,89.0,87.0,88.0
WS13,Waterschap Rivierenland (WS),2023,29.0,1692.0,133701.0,5266.0,739.0,133701.0,947.0,168.0,85.0,78.0,82.0,77.0
WS14,Hhs De Stichtse Rijnlanden (WS),2023,16.0,1361.0,92731.0,4289.0,545.0,92731.0,539.0,50.0,87.0,91.0,87.0,91.0
WS16,Waterschap Hunze en Aa's (WS),2023,13.0,619.0,42854.0,1430.0,224.0,42854.0,242.0,32.0,85.0,86.0,83.0,86.0
WS17,Waterschap Noorderzijlvest (WS),2023,13.0,684.0,63749.0,1984.0,285.0,63749.0,467.0,41.0,81.0,82.0,76.0,86.0
WS20,Waterschap Zuiderzeeland (WS),2023,5.0,765.0,31339.0,2375.0,313.0,31339.0,216.0,21.0,91.0,93.0,91.0,93.0
WS21,Hhs Hollands Noorderkwartier (WS),2023,15.0,1703.0,114811.0,5307.0,688.0,114811.0,903.0,102.0,82.0,84.0,83.0,85.0
WS22,Waterschap Brabantse Delta (WS),2023,17.0,1296.0,114048.0,4140.0,598.0,114048.0,911.0,136.0,85.0,83.0,78.0,77.0
WS23,Wetterskip Fryslân (WS),2023,27.0,1336.0,106597.0,3931.0,585.0,106597.0,446.0,77.0,88.0,85.0,89.0,87.0
WS24,Waterschap Aa en Maas (WS),2023,7.0,1562.0,124884.0,4794.0,818.0,124884.0,695.0,98.0,87.0,87.0,86.0,88.0
WS25,Waterschap Hollandse Delta (WS),2023,20.0,1808.0,154937.0,5427.0,686.0,154937.0,1230.0,108.0,86.0,84.0,77.0,84.0
WS26,Hhs van Schieland en Krimpenerwaard (WS),2023,9.0,682.0,62869.0,2207.0,277.0,62869.0,410.0,50.0,87.0,82.0,81.0,82.0
WS27,Waterschap Scheldestromen (WS),2023,15.0,799.0,59777.0,2177.0,243.0,59777.0,428.0,60.0,84.0,79.0,80.0,75.0
WS28,Waterschap Vallei en Veluwe (WS),2023,16.0,2026.0,135455.0,6450.0,826.0,135455.0,1009.0,126.0,86.0,87.0,84.0,85.0
WS29,Waterschap Vechtstromen (WS),2023,23.0,1729.0,119247.0,4848.0,671.0,119247.0,746.0,99.0,85.0,83.0,85.0,85.0
WS30,WS Drents Overijsselse Delta (WS),2023,16.0,1160.0,72153.0,3261.0,445.0,72153.0,492.0,50.0,88.0,91.0,85.0,89.0
WS31,Waterschap Limburg (WS),2023,17.0,2046.0,168091.0,6436.0,814.0,168091.0,1303.0,119.0,81.0,86.0,80.0,85.0
WS32,"WS Amstel, Gooi en Vecht (WS)",2023,11.0,2020.0,137548.0,7165.0,914.0,137548.0,1073.0,75.0,84.0,87.0,85.0,92.0
NL01,Nederland totaal,2024,313.0,30019.0,2229171.0,95026.0,12958.0,2229171.0,15127.0,1713.0,86.0,86.0,84.0,87.0
WS02,Waterschap Rijn en IJssel (WS),2024,13.0,1270.0,78706.0,3857.0,542.0,78706.0,469.0,65.0,88.0,88.0,88.0,88.0
WS07,Hoogheemraadschap van Delfland (WS),2024,4.0,1935.0,142702.0,6453.0,876.0,142702.0,1145.0,111.0,79.0,80.0,82.0,87.0
WS10,Waterschap De Dommel (WS),2024,8.0,1568.0,151175.0,5130.0,795.0,151175.0,750.0,73.0,86.0,92.0,85.0,91.0
WS12,Hoogheemraadschap van Rijnland (WS),2024,19.0,2061.0,141434.0,5925.0,870.0,141434.0,677.0,69.0,89.0,93.0,89.0,92.0
WS13,Waterschap Rivierenland (WS),2024,29.0,1692.0,131249.0,5317.0,751.0,131249.0,916.0,153.0,86.0,78.0,83.0,80.0
WS14,Hhs De Stichtse Rijnlanden (WS),2024,16.0,1361.0,89888.0,4312.0,566.0,89888.0,579.0,60.0,87.0,91.0,87.0,89.0
WS16,Waterschap Hunze en Aa's (WS),2024,13.0,619.0,40402.0,1643.0,223.0,40402.0,209.0,25.0,87.0,85.0,87.0,89.0
WS17,Waterschap Noorderzijlvest (WS),2024,13.0,684.0,61945.0,2277.0,299.0,61945.0,498.0,51.0,83.0,81.0,78.0,83.0
WS20,Waterschap Zuiderzeeland (WS),2024,5.0,715.0,30922.0,2414.0,323.0,30922.0,204.0,19.0,91.0,94.0,92.0,94.0
WS21,Hhs Hollands Noorderkwartier (WS),2024,15.0,1684.0,110262.0,5480.0,714.0,110262.0,849.0,97.0,83.0,85.0,85.0,86.0
WS22,Waterschap Brabantse Delta (WS),2024,17.0,1296.0,115222.0,4352.0,643.0,115222.0,1008.0,134.0,84.0,84.0,77.0,79.0
WS23,Wetterskip Fryslân (WS),2024,27.0,1336.0,101801.0,3911.0,573.0,101801.0,406.0,66.0,89.0,86.0,90.0,89.0
WS24,Waterschap Aa en Maas (WS),2024,7.0,1562.0,121185.0,5023.0,829.0,121185.0,776.0,103.0,87.0,87.0,85.0,88.0
WS25,Waterschap Hollandse Delta (WS),2024,20.0,1808.0,145556.0,5572.0,710.0,145556.0,1288.0,119.0,86.0,84.0,77.0,83.0
WS26,Hhs van Schieland en Krimpenerwaard (WS),2024,9.0,682.0,58539.0,2182.0,286.0,58539.0,351.0,56.0,89.0,83.0,84.0,80.0
WS27,Waterschap Scheldestromen (WS),2024,15.0,799.0,58329.0,2144.0,239.0,58329.0,431.0,47.0,82.0,81.0,80.0,80.0
WS28,Waterschap Vallei en Veluwe (WS),2024,16.0,2026.0,138403.0,6724.0,861.0,138403.0,1117.0,148.0,86.0,85.0,83.0,83.0
WS29,Waterschap Vechtstromen (WS),2024,23.0,1690.0,117605.0,4939.0,668.0,117605.0,705.0,90.0,87.0,85.0,86.0,87.0
WS30,WS Drents Overijsselse Delta (WS),2024,16.0,1160.0,67674.0,3250.0,450.0,67674.0,411.0,48.0,89.0,91.0,87.0,89.0
WS31,Waterschap Limburg (WS),2024,17.0,2051.0,187158.0,6537.0,762.0,187158.0,1265.0,99.0,81.0,86.0,81.0,87.0
WS32,"WS Amstel, Gooi en Vecht (WS)",2024,11.0,2020.0,139014.0,7586.0,977.0,139014.0,1074.0,79.0,85.0,87.0,86.0,92.0
